{
  "kind": "collectionType",
  "collectionName": "clothes",
  "info": {
    "name": "clothes"
  },
  "options": {
    "increments": true,
    "timestamps": true,
    "draftAndPublish": true
  },
  "attributes": {
    "name": {
      "type": "string",
      "required": true,
      "unique": true
    },
    "slug": {
      "type": "uid",
      "targetField": "name"
    },
    "price": {
      "type": "decimal",
      "min": 0,
      "unique": false,
      "required": true
    },
    "description": {
      "type": "text",
      "minLength": 200,
      "required": true
    },
    "image": {
      "model": "file",
      "via": "related",
      "allowedTypes": [
        "images"
      ],
      "plugin": "upload",
      "required": true
    },
    "cover": {
      "collection": "file",
      "via": "related",
      "allowedTypes": [
        "images"
      ],
      "plugin": "upload",
      "required": true
    },
    "category": {
      "model": "category",
      "via": "clothes"
    }
  }
}
